date,city,temp_max_f,temp_min_f,precipitation_inches,wind_speed_max_mph,weather_code
2026-06-18,Denver,90.2,74.9,,13.6,0.0
2026-06-19,Denver,83.3,64.3,0.0,11.5,3.0
2026-06-20,Denver,90.7,61.6,0.1,18.2,51.0
2026-06-21,Denver,89.8,65.2,0.6,18.0,51.0
2026-06-22,Denver,90.5,63.5,0.0,13.0,3.0
2026-06-23,Denver,86.4,65.9,1.1,15.0,53.0
2026-06-24,Denver,89.6,61.2,5.9,20.0,80.0
2026-06-25,Denver,78.1,61.0,6.6,12.1,80.0
2026-06-26,Denver,89.5,63.0,0.1,12.3,51.0
2026-06-27,Denver,95.4,68.4,0.0,21.4,3.0
2026-06-28,Denver,91.1,65.0,0.0,15.5,3.0
2026-06-29,Denver,90.5,63.4,0.0,18.9,0.0
2026-06-30,Denver,92.5,67.3,0.0,25.8,3.0
2026-07-01,Denver,92.2,65.2,0.0,19.0,3.0
2026-07-02,Denver,93.4,62.6,0.0,13.9,3.0
2026-07-03,Denver,92.5,69.3,0.0,24.4,3.0
2026-07-04,Denver,92.0,60.9,0.0,12.6,3.0
2026-07-05,Denver,96.6,59.1,0.0,10.2,3.0
2026-07-06,Denver,98.0,64.5,0.4,29.3,51.0
2026-07-07,Denver,96.1,62.3,0.0,23.4,3.0
2026-07-08,Denver,93.6,62.4,4.0,12.2,61.0
2026-07-09,Denver,91.5,59.7,1.1,16.1,55.0
2026-07-10,Denver,91.5,57.1,0.0,16.4,3.0
2026-07-11,Denver,97.8,58.6,0.0,13.0,3.0
2026-07-12,Denver,98.3,63.0,0.0,13.3,3.0
2026-07-13,Denver,100.4,65.5,0.0,14.4,2.0
2026-07-14,Denver,98.2,64.2,0.0,14.7,2.0
2026-07-15,Denver,96.7,65.2,0.0,15.5,1.0
2026-07-16,Denver,94.2,69.1,0.0,15.8,3.0
2026-07-17,Denver,94.8,68.2,0.0,14.2,3.0
2026-07-18,Denver,96.4,65.7,0.0,10.0,2.0
2026-07-19,Denver,100.9,65.3,0.0,12.9,3.0
2026-07-20,Denver,102.9,69.8,0.4,11.7,51.0
2026-07-21,Denver,96.9,70.1,0.0,13.5,3.0
2026-07-22,Denver,93.5,66.4,2.2,11.7,61.0
2026-07-23,Denver,89.3,66.8,0.0,10.9,3.0
2026-07-24,Denver,98.5,64.6,0.0,13.4,3.0
2026-07-25,Denver,102.5,68.5,0.0,17.3,3.0
2026-07-26,Denver,102.6,71.5,0.0,15.7,3.0
2026-07-27,Denver,92.6,75.8,0.8,12.5,51.0
2026-07-28,Denver,93.1,67.6,0.0,10.7,3.0
2026-07-29,Denver,91.5,66.2,0.0,13.5,3.0
2026-07-30,Denver,96.9,66.5,0.0,15.2,3.0
2026-07-31,Denver,95.0,65.0,0.0,12.0,3.0
2026-08-01,Denver,95.2,59.9,0.0,8.4,2.0
2026-08-02,Denver,103.4,67.5,0.0,13.7,3.0
2026-08-03,Denver,102.4,70.7,0.4,21.3,51.0
2026-08-04,Denver,76.2,55.6,0.0,12.0,3.0
2026-08-05,Denver,85.1,52.1,0.0,7.2,3.0
2026-08-06,Denver,98.7,56.4,0.0,8.7,0.0
2026-08-07,Denver,97.2,56.6,0.0,8.5,3.0
2026-08-08,Denver,101.0,63.9,0.0,18.7,3.0
2026-08-09,Denver,98.1,67.6,0.0,14.2,3.0
2026-08-10,Denver,95.8,68.0,0.0,17.8,3.0
2026-08-11,Denver,95.2,70.5,0.0,8.5,3.0
2026-08-12,Denver,93.5,66.3,0.0,18.5,3.0
2026-08-13,Denver,81.3,64.9,0.0,9.9,3.0
2026-08-14,Denver,93.1,63.4,0.0,11.5,3.0
2026-08-15,Denver,83.2,60.7,0.4,14.4,51.0
2026-08-16,Denver,85.4,60.6,0.0,11.1,45.0
2026-08-17,Denver,94.4,59.4,0.0,9.9,3.0
2026-08-18,Denver,88.9,61.8,0.0,13.5,3.0
2026-08-19,Denver,92.2,63.4,0.0,12.1,3.0
2026-08-20,Denver,94.7,60.8,0.0,9.8,0.0
2026-08-21,Denver,101.4,65.0,0.0,15.4,3.0
2026-08-22,Denver,91.2,61.8,0.7,13.2,53.0
2026-08-23,Denver,95.8,67.9,0.0,18.0,3.0
2026-08-24,Denver,94.6,62.9,0.0,16.1,3.0
2026-08-25,Denver,84.1,60.5,0.0,11.4,3.0
2026-08-26,Denver,89.6,59.7,0.0,10.1,3.0
2026-06-18,Colorado_Springs,78.6,65.3,,14.2,3.0
2026-06-19,Colorado_Springs,81.5,58.4,0.3,16.2,51.0
2026-06-20,Colorado_Springs,92.8,63.1,0.0,21.4,3.0
2026-06-21,Colorado_Springs,83.6,63.3,0.0,20.5,3.0
2026-06-22,Colorado_Springs,84.9,62.0,0.3,22.8,51.0
2026-06-23,Colorado_Springs,87.6,61.1,3.3,16.3,80.0
2026-06-24,Colorado_Springs,80.2,63.8,0.9,18.0,95.0
2026-06-25,Colorado_Springs,76.1,60.2,4.4,14.1,80.0
2026-06-26,Colorado_Springs,83.6,58.8,0.5,18.4,51.0
2026-06-27,Colorado_Springs,91.4,64.4,0.0,23.2,3.0
2026-06-28,Colorado_Springs,91.2,66.5,0.0,21.7,3.0
2026-06-29,Colorado_Springs,89.6,68.9,0.0,15.2,0.0
2026-06-30,Colorado_Springs,85.6,64.4,0.0,17.3,0.0
2026-07-01,Colorado_Springs,88.3,65.3,0.0,15.3,3.0
2026-07-02,Colorado_Springs,89.4,65.4,0.0,18.7,3.0
2026-07-03,Colorado_Springs,89.7,68.0,0.0,20.0,3.0
2026-07-04,Colorado_Springs,82.1,61.2,0.0,14.3,3.0
2026-07-05,Colorado_Springs,92.2,58.2,0.0,17.9,3.0
2026-07-06,Colorado_Springs,92.3,55.6,0.0,12.2,3.0
2026-07-07,Colorado_Springs,90.1,58.4,1.1,25.4,55.0
2026-07-08,Colorado_Springs,93.2,59.5,0.0,16.7,3.0
2026-07-09,Colorado_Springs,85.3,60.7,0.0,21.8,3.0
2026-07-10,Colorado_Springs,89.8,52.9,0.0,14.2,3.0
2026-07-11,Colorado_Springs,89.8,54.0,0.0,16.1,3.0
2026-07-12,Colorado_Springs,90.7,59.5,0.0,14.4,1.0
2026-07-13,Colorado_Springs,91.8,59.2,0.0,12.8,1.0
2026-07-14,Colorado_Springs,90.0,58.2,0.0,15.0,0.0
2026-07-15,Colorado_Springs,89.7,57.7,0.0,15.3,3.0
2026-07-16,Colorado_Springs,89.5,60.7,0.0,14.3,3.0
2026-07-17,Colorado_Springs,88.1,59.0,0.0,15.1,3.0
2026-07-18,Colorado_Springs,89.1,58.8,0.0,12.2,2.0
2026-07-19,Colorado_Springs,93.3,59.6,0.0,12.0,1.0
2026-07-20,Colorado_Springs,97.1,60.6,0.0,10.1,1.0
2026-07-21,Colorado_Springs,96.8,65.3,0.0,17.5,3.0
2026-07-22,Colorado_Springs,92.0,63.5,3.3,14.7,81.0
2026-07-23,Colorado_Springs,85.9,60.7,4.7,12.0,81.0
2026-07-24,Colorado_Springs,94.1,60.9,0.0,14.8,3.0
2026-07-25,Colorado_Springs,98.8,63.2,0.0,15.5,3.0
2026-07-26,Colorado_Springs,100.7,66.5,0.0,14.4,3.0
2026-07-27,Colorado_Springs,95.1,70.6,0.4,16.8,51.0
2026-07-28,Colorado_Springs,91.9,65.2,1.1,18.4,55.0
2026-07-29,Colorado_Springs,87.1,60.3,0.0,15.2,3.0
2026-07-30,Colorado_Springs,94.0,58.6,0.0,16.0,3.0
2026-07-31,Colorado_Springs,86.5,66.5,0.0,12.4,3.0
2026-08-01,Colorado_Springs,91.6,56.0,0.0,15.9,2.0
2026-08-02,Colorado_Springs,96.8,59.2,0.0,13.3,1.0
2026-08-03,Colorado_Springs,100.4,62.1,0.0,12.8,3.0
2026-08-04,Colorado_Springs,79.8,60.6,0.0,16.6,3.0
2026-08-05,Colorado_Springs,86.2,56.0,0.4,14.7,51.0
2026-08-06,Colorado_Springs,93.7,56.1,0.0,10.4,3.0
2026-08-07,Colorado_Springs,97.6,58.4,0.0,13.6,3.0
2026-08-08,Colorado_Springs,97.9,58.7,0.0,13.7,3.0
2026-08-09,Colorado_Springs,96.9,62.5,0.0,14.2,3.0
2026-08-10,Colorado_Springs,96.9,63.1,0.0,16.0,3.0
2026-08-11,Colorado_Springs,94.1,67.5,0.0,12.5,3.0
2026-08-12,Colorado_Springs,92.2,64.3,0.7,17.4,53.0
2026-08-13,Colorado_Springs,84.3,62.1,6.5,18.3,81.0
2026-08-14,Colorado_Springs,89.3,60.4,0.0,24.4,3.0
2026-08-15,Colorado_Springs,76.6,59.1,0.4,14.0,51.0
2026-08-16,Colorado_Springs,79.3,57.1,0.4,14.0,51.0
2026-08-17,Colorado_Springs,87.8,56.2,0.0,13.5,3.0
2026-08-18,Colorado_Springs,94.3,61.4,0.0,13.0,3.0
2026-08-19,Colorado_Springs,82.2,61.2,0.0,17.4,3.0
2026-08-20,Colorado_Springs,90.5,56.9,0.0,12.8,3.0
2026-08-21,Colorado_Springs,99.4,58.4,0.0,14.8,3.0
2026-08-22,Colorado_Springs,88.6,64.4,0.4,18.2,51.0
2026-08-23,Colorado_Springs,88.6,61.6,0.0,11.5,3.0
2026-08-24,Colorado_Springs,88.7,58.3,0.4,10.6,51.0
2026-08-25,Colorado_Springs,83.6,56.5,1.4,11.9,80.0
2026-08-26,Colorado_Springs,83.4,55.3,0.4,11.5,51.0
2026-06-18,Boulder,88.4,66.1,,14.5,0.0
2026-06-19,Boulder,83.2,58.4,0.0,13.0,3.0
2026-06-20,Boulder,92.6,53.1,1.6,17.1,80.0
2026-06-21,Boulder,90.0,56.0,1.6,22.6,55.0
2026-06-22,Boulder,90.2,55.5,0.0,14.6,3.0
2026-06-23,Boulder,84.6,58.9,2.7,14.6,80.0
2026-06-24,Boulder,81.4,56.6,5.5,11.9,80.0
2026-06-25,Boulder,75.5,59.1,7.2,13.2,80.0
2026-06-26,Boulder,87.3,56.7,0.6,17.8,53.0
2026-06-27,Boulder,94.0,63.8,0.0,18.3,3.0
2026-06-28,Boulder,84.3,61.1,0.0,10.2,3.0
2026-06-29,Boulder,87.3,56.2,0.0,15.4,0.0
2026-06-30,Boulder,88.2,58.7,0.0,22.9,3.0
2026-07-01,Boulder,89.5,56.9,0.6,21.4,53.0
2026-07-02,Boulder,89.0,54.8,0.3,14.1,51.0
2026-07-03,Boulder,89.5,61.2,0.0,17.2,3.0
2026-07-04,Boulder,90.4,61.0,0.0,9.2,3.0
2026-07-05,Boulder,95.6,58.1,0.0,8.5,0.0
2026-07-06,Boulder,94.0,61.5,0.0,7.2,3.0
2026-07-07,Boulder,92.1,63.8,0.0,18.1,3.0
2026-07-08,Boulder,95.8,63.3,0.0,21.8,3.0
2026-07-09,Boulder,89.1,59.9,0.0,13.6,3.0
2026-07-10,Boulder,88.4,58.3,1.1,10.8,55.0
2026-07-11,Boulder,96.2,58.0,0.0,7.4,3.0
2026-07-12,Boulder,97.3,63.2,0.0,12.9,0.0
2026-07-13,Boulder,97.5,64.7,0.0,10.7,3.0
2026-07-14,Boulder,95.2,64.0,0.0,9.9,0.0
2026-07-15,Boulder,93.7,64.6,0.0,9.3,3.0
2026-07-16,Boulder,92.0,66.8,0.0,12.5,3.0
2026-07-17,Boulder,93.8,65.0,0.0,9.8,3.0
2026-07-18,Boulder,94.4,66.7,0.0,9.7,0.0
2026-07-19,Boulder,99.5,68.0,0.0,11.0,2.0
2026-07-20,Boulder,100.7,72.1,0.0,14.7,3.0
2026-07-21,Boulder,95.3,70.1,0.0,13.6,3.0
2026-07-22,Boulder,93.0,65.2,0.0,14.8,3.0
2026-07-23,Boulder,85.8,66.2,8.6,7.6,82.0
2026-07-24,Boulder,96.4,65.2,0.0,17.4,3.0
2026-07-25,Boulder,100.7,69.7,0.0,16.0,3.0
2026-07-26,Boulder,99.4,73.2,0.0,18.1,3.0
2026-07-27,Boulder,90.8,75.2,0.0,13.3,3.0
2026-07-28,Boulder,87.1,69.0,0.0,19.3,3.0
2026-07-29,Boulder,87.9,65.5,0.0,13.6,3.0
2026-07-30,Boulder,94.7,69.7,0.0,16.7,3.0
2026-07-31,Boulder,91.1,64.7,0.0,9.5,3.0
2026-08-01,Boulder,94.2,62.5,0.0,6.0,0.0
2026-08-02,Boulder,103.1,62.5,0.0,7.4,3.0
2026-08-03,Boulder,102.8,73.4,0.0,17.2,3.0
2026-08-04,Boulder,72.8,54.8,0.4,8.4,51.0
2026-08-05,Boulder,82.7,50.7,0.0,6.4,3.0
2026-08-06,Boulder,97.8,61.8,0.0,9.2,0.0
2026-08-07,Boulder,92.9,67.6,0.0,11.7,3.0
2026-08-08,Boulder,101.1,63.0,0.0,12.2,3.0
2026-08-09,Boulder,96.9,74.2,0.0,14.9,3.0
2026-08-10,Boulder,95.6,70.9,0.0,11.9,3.0
2026-08-11,Boulder,94.4,71.6,0.0,12.2,3.0
2026-08-12,Boulder,92.3,67.0,0.7,14.3,53.0
2026-08-13,Boulder,80.2,63.3,0.4,8.8,51.0
2026-08-14,Boulder,85.9,61.2,0.7,11.7,53.0
2026-08-15,Boulder,82.2,59.6,0.0,6.3,3.0
2026-08-16,Boulder,86.6,60.6,0.4,9.0,51.0
2026-08-17,Boulder,91.8,58.0,0.0,10.2,3.0
2026-08-18,Boulder,88.7,66.2,0.0,11.2,3.0
2026-08-19,Boulder,89.8,60.1,0.0,9.9,3.0
2026-08-20,Boulder,93.7,61.0,0.0,7.9,0.0
2026-08-21,Boulder,99.3,65.1,0.7,12.4,53.0
2026-08-22,Boulder,89.6,62.1,0.0,15.4,3.0
2026-08-23,Boulder,95.8,64.9,0.0,13.1,3.0
2026-08-24,Boulder,93.2,65.7,0.0,13.0,3.0
2026-08-25,Boulder,83.4,64.9,0.0,8.0,3.0
2026-08-26,Boulder,85.8,62.0,0.0,9.7,3.0
2026-06-18,Fort_Collins,88.8,70.3,,11.6,1.0
2026-06-19,Fort_Collins,83.3,62.2,0.0,12.6,3.0
2026-06-20,Fort_Collins,95.9,62.2,0.3,17.5,51.0
2026-06-21,Fort_Collins,90.3,64.0,0.3,18.2,51.0
2026-06-22,Fort_Collins,89.6,62.4,0.1,10.8,51.0
2026-06-23,Fort_Collins,83.8,62.9,1.4,11.5,53.0
2026-06-24,Fort_Collins,86.3,62.0,4.6,16.0,80.0
2026-06-25,Fort_Collins,77.1,59.9,6.0,11.3,55.0
2026-06-26,Fort_Collins,87.8,60.0,3.0,19.2,80.0
2026-06-27,Fort_Collins,94.2,65.8,0.0,23.6,3.0
2026-06-28,Fort_Collins,86.3,65.1,0.0,14.1,0.0
2026-06-29,Fort_Collins,87.4,61.7,0.0,24.0,0.0
2026-06-30,Fort_Collins,88.5,64.5,0.0,17.8,3.0
2026-07-01,Fort_Collins,90.5,64.4,0.0,17.9,3.0
2026-07-02,Fort_Collins,90.8,62.0,2.4,13.0,80.0
2026-07-03,Fort_Collins,91.0,67.6,0.1,16.6,51.0
2026-07-04,Fort_Collins,91.5,56.3,0.0,12.7,3.0
2026-07-05,Fort_Collins,97.1,56.8,0.0,10.4,0.0
2026-07-06,Fort_Collins,97.1,60.9,0.0,9.1,3.0
2026-07-07,Fort_Collins,94.1,60.4,0.4,18.2,51.0
2026-07-08,Fort_Collins,95.2,59.1,0.0,18.0,3.0
2026-07-09,Fort_Collins,86.6,60.1,0.4,15.2,51.0
2026-07-10,Fort_Collins,90.3,54.5,0.0,9.1,3.0
2026-07-11,Fort_Collins,98.4,57.7,0.0,11.2,0.0
2026-07-12,Fort_Collins,98.0,63.0,0.0,14.2,0.0
2026-07-13,Fort_Collins,99.3,63.1,0.0,14.5,0.0
2026-07-14,Fort_Collins,96.1,63.8,0.0,15.1,0.0
2026-07-15,Fort_Collins,95.2,63.3,0.0,16.6,1.0
2026-07-16,Fort_Collins,93.4,63.7,0.0,11.7,3.0
2026-07-17,Fort_Collins,93.8,63.1,0.0,13.0,1.0
2026-07-18,Fort_Collins,94.4,65.1,0.0,12.4,1.0
2026-07-19,Fort_Collins,99.6,65.6,0.0,20.8,3.0
2026-07-20,Fort_Collins,102.9,67.0,0.0,13.5,3.0
2026-07-21,Fort_Collins,96.4,69.0,7.2,13.3,81.0
2026-07-22,Fort_Collins,91.9,66.3,0.0,13.6,3.0
2026-07-23,Fort_Collins,87.1,67.6,1.5,8.9,55.0
2026-07-24,Fort_Collins,100.3,64.7,0.0,12.7,1.0
2026-07-25,Fort_Collins,103.2,63.7,0.0,16.5,3.0
2026-07-26,Fort_Collins,104.0,66.3,0.4,14.0,51.0
2026-07-27,Fort_Collins,90.7,74.7,0.0,9.5,3.0
2026-07-28,Fort_Collins,92.6,66.2,0.0,13.5,3.0
2026-07-29,Fort_Collins,90.3,64.3,0.4,19.0,51.0
2026-07-30,Fort_Collins,97.0,65.9,0.0,9.9,3.0
2026-07-31,Fort_Collins,91.6,62.6,0.0,10.1,3.0
2026-08-01,Fort_Collins,94.8,59.3,0.0,8.9,0.0
2026-08-02,Fort_Collins,103.6,61.3,0.0,12.8,3.0
2026-08-03,Fort_Collins,99.6,61.9,0.0,16.1,3.0
2026-08-04,Fort_Collins,74.0,54.8,0.0,11.4,3.0
2026-08-05,Fort_Collins,82.0,49.6,0.0,8.5,3.0
2026-08-06,Fort_Collins,99.5,53.9,0.0,13.6,0.0
2026-08-07,Fort_Collins,94.4,60.2,0.0,10.7,0.0
2026-08-08,Fort_Collins,102.2,60.7,0.0,20.9,3.0
2026-08-09,Fort_Collins,98.3,64.8,0.0,12.8,3.0
2026-08-10,Fort_Collins,95.2,66.5,0.0,13.8,3.0
2026-08-11,Fort_Collins,97.5,65.2,0.7,12.0,53.0
2026-08-12,Fort_Collins,93.1,64.4,0.0,15.5,3.0
2026-08-13,Fort_Collins,85.5,60.9,4.3,15.0,81.0
2026-08-14,Fort_Collins,87.5,63.9,7.9,10.1,63.0
2026-08-15,Fort_Collins,84.4,62.0,29.9,12.0,82.0
2026-08-16,Fort_Collins,85.7,61.2,0.0,12.7,3.0
2026-08-17,Fort_Collins,91.8,57.1,0.0,9.0,3.0
2026-08-18,Fort_Collins,86.0,61.7,0.0,12.4,3.0
2026-08-19,Fort_Collins,91.2,59.9,0.0,12.3,3.0
2026-08-20,Fort_Collins,93.2,58.4,0.0,10.9,0.0
2026-08-21,Fort_Collins,98.5,61.2,0.0,13.0,3.0
2026-08-22,Fort_Collins,88.5,60.8,0.0,9.4,3.0
2026-08-23,Fort_Collins,95.2,62.8,0.0,12.7,3.0
2026-08-24,Fort_Collins,94.0,61.8,0.0,19.5,3.0
2026-08-25,Fort_Collins,86.5,62.7,0.0,9.8,3.0
2026-08-26,Fort_Collins,85.5,58.9,0.0,8.5,3.0
2026-06-18,Pueblo,84.7,69.9,,17.9,0.0
2026-06-19,Pueblo,89.7,63.3,0.0,19.4,3.0
2026-06-20,Pueblo,100.7,66.2,0.0,26.8,3.0
2026-06-21,Pueblo,95.7,66.5,0.8,23.4,53.0
2026-06-22,Pueblo,95.7,65.6,0.0,21.5,3.0
2026-06-23,Pueblo,97.7,66.2,1.3,24.2,95.0
2026-06-24,Pueblo,90.6,67.2,3.2,26.9,80.0
2026-06-25,Pueblo,88.5,65.6,3.4,16.0,80.0
2026-06-26,Pueblo,92.1,61.7,1.2,13.9,53.0
2026-06-27,Pueblo,97.5,67.8,0.0,25.1,3.0
2026-06-28,Pueblo,98.7,72.8,0.0,25.9,3.0
2026-06-29,Pueblo,96.0,71.9,0.0,26.1,0.0
2026-06-30,Pueblo,91.7,66.9,0.0,19.5,3.0
2026-07-01,Pueblo,96.8,68.0,0.0,25.3,3.0
2026-07-02,Pueblo,94.6,68.5,0.0,19.1,0.0
2026-07-03,Pueblo,96.4,67.6,0.0,17.0,3.0
2026-07-04,Pueblo,91.3,64.8,0.0,16.6,3.0
2026-07-05,Pueblo,97.5,63.3,0.0,16.6,3.0
2026-07-06,Pueblo,99.9,59.0,0.0,12.9,2.0
2026-07-07,Pueblo,99.9,61.4,0.0,15.7,3.0
2026-07-08,Pueblo,100.6,60.8,1.5,20.6,55.0
2026-07-09,Pueblo,97.5,61.1,0.0,21.2,3.0
2026-07-10,Pueblo,95.0,58.0,0.0,18.2,3.0
2026-07-11,Pueblo,94.3,58.9,0.0,15.0,1.0
2026-07-12,Pueblo,95.8,63.1,0.0,15.0,1.0
2026-07-13,Pueblo,99.1,63.0,0.0,14.9,0.0
2026-07-14,Pueblo,95.4,64.5,0.0,15.9,0.0
2026-07-15,Pueblo,96.8,64.6,0.0,17.7,0.0
2026-07-16,Pueblo,96.6,65.9,0.0,14.9,2.0
2026-07-17,Pueblo,94.4,65.9,0.0,12.3,3.0
2026-07-18,Pueblo,95.6,64.4,0.0,12.8,1.0
2026-07-19,Pueblo,97.9,66.2,0.0,11.9,1.0
2026-07-20,Pueblo,102.0,65.9,0.0,11.8,0.0
2026-07-21,Pueblo,100.4,69.4,0.0,17.3,1.0
2026-07-22,Pueblo,100.0,68.1,0.4,16.6,51.0
2026-07-23,Pueblo,98.3,65.8,0.0,15.1,3.0
2026-07-24,Pueblo,102.0,67.0,0.0,19.2,3.0
2026-07-25,Pueblo,103.7,69.5,0.0,15.3,3.0
2026-07-26,Pueblo,107.3,70.3,0.0,23.9,3.0
2026-07-27,Pueblo,103.5,74.3,0.0,22.0,3.0
2026-07-28,Pueblo,98.3,68.8,1.8,16.3,61.0
2026-07-29,Pueblo,91.8,65.6,0.0,14.7,3.0
2026-07-30,Pueblo,100.2,64.3,0.0,15.9,3.0
2026-07-31,Pueblo,93.0,68.7,0.4,28.2,51.0
2026-08-01,Pueblo,93.6,60.6,0.0,11.0,0.0
2026-08-02,Pueblo,103.3,63.1,0.0,15.2,1.0
2026-08-03,Pueblo,108.3,64.3,0.0,20.0,3.0
2026-08-04,Pueblo,83.5,65.7,0.0,14.0,3.0
2026-08-05,Pueblo,82.4,60.5,0.0,12.6,45.0
2026-08-06,Pueblo,97.6,59.2,0.0,12.5,2.0
2026-08-07,Pueblo,102.8,60.8,0.0,10.1,1.0
2026-08-08,Pueblo,105.5,61.0,0.0,9.4,3.0
2026-08-09,Pueblo,105.5,63.9,0.0,17.1,3.0
2026-08-10,Pueblo,101.9,67.4,0.0,15.3,3.0
2026-08-11,Pueblo,103.4,69.6,0.0,20.1,3.0
2026-08-12,Pueblo,101.7,66.3,0.0,19.1,3.0
2026-08-13,Pueblo,89.4,65.1,0.0,13.8,3.0
2026-08-14,Pueblo,91.7,65.2,12.2,13.4,82.0
2026-08-15,Pueblo,88.4,64.9,0.0,16.7,3.0
2026-08-16,Pueblo,89.0,60.6,1.8,21.3,61.0
2026-08-17,Pueblo,92.4,60.6,0.0,12.9,3.0
2026-08-18,Pueblo,101.3,62.3,0.0,14.1,3.0
2026-08-19,Pueblo,92.6,68.0,0.0,15.5,3.0
2026-08-20,Pueblo,97.5,59.6,0.0,11.7,3.0
2026-08-21,Pueblo,102.4,58.8,0.0,12.7,3.0
2026-08-22,Pueblo,94.5,65.1,0.4,16.4,51.0
2026-08-23,Pueblo,95.9,64.6,0.0,12.7,3.0
2026-08-24,Pueblo,96.0,59.1,0.8,15.5,51.0
2026-08-25,Pueblo,93.9,58.8,0.0,15.2,3.0
2026-08-26,Pueblo,89.2,57.5,0.0,11.7,3.0
